"cid","site","rugosity"
321,"Cold",0.0446456141001396
167,"Cold",0.122025733181187
411,"Cold",0.0587154583911677
261,"Cold",0.0662938837230597
429,"Cold",0.14469878189544
74,"Cold",0.129053334005421
399,"Cold",0.171638196246716
532,"Cold",0.163110381380984
200,"Cold",0.174955575958855
498,"Cold",0.0623768365479616
584,"Cold",0.0390608115848557
539,"Cold",0.0671023202776092
164,"Cold",0.154807235640815
396,"Cold",0.0673652360772734
84,"Cold",0.20771750791766
81,"Cold",0.22077695053123
325,"Cold",0.0497954934948642
126,"Cold",0.247159561500705
523,"Cold",0.110234164386815
330,"Cold",0.0503204389576526
529,"Cold",0.159024317427066
592,"Cold",0.0440164409650951
435,"Cold",0.0614064549350422
581,"Cold",0.168482184970094
44,"Cold",0.072532625694476
297,"Cold",0.112237156519638
512,"Cold",0.151470253982759
565,"Cold",0.0490996031980477
182,"Cold",0.199983080495821
192,"Cold",0.117946498078367
269,"Cold",0.165196324788798
250,"Cold",0.15414510136665
196,"Cold",0.0513674651847607
575,"Cold",0.161211668346318
460,"Cold",0.0696820775162115
258,"Cold",0.0877005388336003
362,"Cold",0.15426413648867
285,"Cold",0.0493967117978373
113,"Cold",0.231124250595253
309,"Cold",0.200114177554756
444,"Cold",0.168933325777847
67,"Cold",0.141955453395876
11,"Cold",0.150268227170913
26,"Cold",0.175872383696379
134,"Cold",0.199668810297412
212,"Cold",0.117134592164053
480,"Cold",0.0756228686686781
8,"Cold",0.133349764295495
301,"Cold",0.0965606585738985
122,"Cold",0.181075042932746
77,"Cold",0.136332401299685
314,"Cold",0.183553628082036
568,"Cold",0.0579639563064103
526,"Cold",0.0783617964032939
366,"Cold",0.0439699669669526
392,"Cold",0.0418583217925645
338,"Cold",0.171202681118571
35,"Cold",0.13423710849249
41,"Cold",0.190140952142606
243,"Cold",0.234932586588349
87,"Cold",0.121984279072109
453,"Cold",0.0693342024034662
578,"Cold",0.16228641754707
350,"Cold",0.0387748255736359
93,"Cold",0.137227386478232
242,"Cold",0.0681640992092115
139,"Cold",0.164338835208373
2,"Cold",0.145868129640337
419,"Cold",0.143652982053652
424,"Cold",0.134955603650294
356,"Cold",0.161480360284691
493,"Cold",0.136076335544564
550,"Cold",0.0229003579165445
381,"Cold",0.140707762795089
231,"Cold",0.160705782845405
487,"Cold",0.185198034599038
289,"Cold",0.199974635444581
15,"Cold",0.156380221301547
255,"Cold",0.118743967621808
386,"Cold",0.0390283389306188
448,"Cold",0.144846689601413
172,"Cold",0.0730736601488812
176,"Cold",0.0507052360241606
536,"Cold",0.152032194740814
206,"Cold",0.150599625718523
118,"Cold",0.105429897702298
224,"Cold",0.158619930631207
130,"Cold",0.0642575021118736
3,"CorralsTrail",0.426740985469476
7,"CorralsTrail",0.0375499546615374
12,"CorralsTrail",0.324157889836181
16,"CorralsTrail",0.213011351286785
19,"CorralsTrail",0.0213114662006578
21,"CorralsTrail",0.191380947682675
25,"CorralsTrail",0.222587896690371
27,"CorralsTrail",0.326679096957023
32,"CorralsTrail",0.123697949059949
33,"CorralsTrail",0.0098683188847113
40,"CorralsTrail",0.0160277892113126
42,"CorralsTrail",0.0135752919395965
45,"CorralsTrail",0.140139436378618
47,"CorralsTrail",0.012779818926421
48,"CorralsTrail",0.0080279068414282
50,"CorralsTrail",0.173253019043222
53,"CorralsTrail",0.0111610910575967
57,"CorralsTrail",0.298626659676509
59,"CorralsTrail",0.214828613498666
60,"CorralsTrail",0.163108276777323
66,"CorralsTrail",0.0797911787979384
71,"CorralsTrail",0.122771600759192
74,"CorralsTrail",0.0126498539589204
80,"CorralsTrail",0.0162368367852951
98,"CorralsTrail",0.277017270294283
111,"CorralsTrail",0.136487565946863
114,"CorralsTrail",0.0107375425756087
118,"CorralsTrail",0.133704748700844
123,"CorralsTrail",0.431021663810727
127,"CorralsTrail",0.0154173711824218
321,"CorralsTrail",0.217544624184815
411,"CorralsTrail",0.031924889734996
261,"CorralsTrail",0.258488326738858
390,"CorralsTrail",0.382486168701068
429,"CorralsTrail",0.506749548985797
399,"CorralsTrail",0.519436851782456
532,"CorralsTrail",0.579765693379186
642,"CorralsTrail",0.0542821403327234
690,"CorralsTrail",0.434998986725008
635,"CorralsTrail",0.454060695294981
539,"CorralsTrail",0.1238546904107
396,"CorralsTrail",0.510503972099363
523,"CorralsTrail",0.0191570981843076
330,"CorralsTrail",0.339905635779965
648,"CorralsTrail",0.196527364912123
529,"CorralsTrail",0.306833967747314
595,"CorralsTrail",0.0214260322507384
698,"CorralsTrail",0.0122403642085783
451,"CorralsTrail",0.0941051589104922
686,"CorralsTrail",0.261144452841555
457,"CorralsTrail",0.424556028697248
627,"CorralsTrail",0.0449414142049542
512,"CorralsTrail",0.533232054067175
667,"CorralsTrail",0.423573441508951
182,"CorralsTrail",0.296300899330448
269,"CorralsTrail",0.377577605932679
555,"CorralsTrail",0.148884020980337
679,"CorralsTrail",0.433388786308267
258,"CorralsTrail",0.47007350822277
577,"CorralsTrail",0.0328804756979014
309,"CorralsTrail",0.0100077578696259
444,"CorralsTrail",0.21442861475141
383,"CorralsTrail",0.0156779097114764
639,"CorralsTrail",0.283136666704777
212,"CorralsTrail",0.230628088573483
301,"CorralsTrail",0.377638135106704
314,"CorralsTrail",0.0131102991788024
338,"CorralsTrail",0.501373617662314
243,"CorralsTrail",0.0128018433287722
621,"CorralsTrail",0.594693169765046
455,"CorralsTrail",0.309551187078056
179,"CorralsTrail",0.382812939500918
281,"CorralsTrail",0.41852549604092
327,"CorralsTrail",0.481611089805548
544,"CorralsTrail",0.297961688741972
272,"CorralsTrail",0.0325885954520021
660,"CorralsTrail",0.016699730017213
536,"CorralsTrail",0.630967008742298
405,"CorralsTrail",0.083194102369499
518,"CorralsTrail",0.495584848680776
298,"CorralsTrail",0.0706172744253229
515,"CorralsTrail",0.315518598950614
526,"CorralsTrail",0.440887457639722
289,"CorralsTrail",0.252148884767218
581,"CorralsTrail",0.317878634240836
472,"CorralsTrail",0.0120356107557255
346,"CorralsTrail",0.0105125125825263
353,"CorralsTrail",0.425126249310374
230,"CorralsTrail",0.429664955553376
284,"CorralsTrail",0.377972328634502
584,"CorralsTrail",0.468601393237942
467,"CorralsTrail",0.320052359652361
693,"CorralsTrail",0.222200495184579
386,"CorralsTrail",0.0671391493684107
221,"CorralsTrail",0.461418190928921
598,"CorralsTrail",0.535609209818412
653,"CorralsTrail",0.214835275163242
468,"InitialPointBurn",0.0344146654042953
418,"InitialPointBurn",0.032997813022248
370,"InitialPointBurn",0.523652163810691
337,"InitialPointBurn",0.351215048148246
209,"InitialPointBurn",0.0418191894208049
230,"InitialPointBurn",0.414417585447186
33,"InitialPointBurn",0.462564753139097
478,"InitialPointBurn",0.421415412950543
471,"InitialPointBurn",0.0558905219342291
216,"InitialPointBurn",0.1326139161584
375,"InitialPointBurn",0.305000147979377
66,"InitialPointBurn",0.250855623670742
45,"InitialPointBurn",0.211549877058915
112,"InitialPointBurn",0.0868158813500355
148,"InitialPointBurn",0.0501333988724606
279,"InitialPointBurn",0.137780362000084
315,"InitialPointBurn",0.341238696752876
143,"InitialPointBurn",0.426524116850559
227,"InitialPointBurn",0.437486176502516
455,"InitialPointBurn",0.241412855877606
190,"InitialPointBurn",0.110001889326222
49,"InitialPointBurn",0.118181986462853
433,"InitialPointBurn",0.302135758605751
158,"InitialPointBurn",0.0439194310080389
54,"InitialPointBurn",0.0468223789053571
268,"InitialPointBurn",0.034785281775096
464,"InitialPointBurn",0.0933387983430158
438,"InitialPointBurn",0.0551966021905897
184,"InitialPointBurn",0.0345081567391397
248,"InitialPointBurn",0.126070682555594
124,"InitialPointBurn",0.0872954321702799
28,"InitialPointBurn",0.059323134100416
485,"InitialPointBurn",0.319798972570242
273,"InitialPointBurn",0.0289997665759261
137,"InitialPointBurn",0.144483454718472
380,"InitialPointBurn",0.251361114834148
13,"InitialPointBurn",0.15091953796731
63,"InitialPointBurn",0.0903529111259757
233,"InitialPointBurn",0.0973594890571758
361,"InitialPointBurn",0.0426551281886639
224,"InitialPointBurn",0.169068946645926
291,"InitialPointBurn",0.0365583165973597
173,"InitialPointBurn",0.339003118872344
424,"InitialPointBurn",0.456135099280667
294,"InitialPointBurn",0.0515966098699994
400,"InitialPointBurn",0.410356588958659
298,"InitialPointBurn",0.0170987657571352
430,"InitialPointBurn",0.393565692387677
387,"InitialPointBurn",0.0259294494829849
330,"InitialPointBurn",0.0557747730850783
23,"InitialPointBurn",0.0556176328878307
58,"InitialPointBurn",0.42267071081714
104,"InitialPointBurn",0.247018538949101
421,"InitialPointBurn",0.416600145820695
252,"InitialPointBurn",0.48412221578937
384,"InitialPointBurn",0.207179455088768
490,"InitialPointBurn",0.398569519856871
80,"InitialPointBurn",0.158421219553465
3,"InitialPointBurn",0.421419354657105
340,"InitialPointBurn",0.498571848392056
19,"InitialPointBurn",0.232673176484223
503,"InitialPointBurn",0.0166181791405691
345,"InitialPointBurn",0.350848566555112
113,"InitialPointBurn",0.343713521873543
285,"InitialPointBurn",0.428976043966319
336,"InitialPointBurn",0.0899816001970776
167,"InitialPointBurn",0.0856231420515755
9,"InitialPointBurn",0.372682262453675
154,"InitialPointBurn",0.0716500247057508
99,"InitialPointBurn",0.29881569773272
117,"InitialPointBurn",0.342098356386347
448,"InitialPointBurn",0.0300084814985225
178,"InitialPointBurn",0.145108505351822
498,"InitialPointBurn",0.015602913739409
88,"InitialPointBurn",0.241326332751443
480,"InitialPointBurn",0.417134418304112
261,"LowerDryCreek",0.125718908477629
728,"LowerDryCreek",0.247124256425725
859,"LowerDryCreek",0.236592727820416
532,"LowerDryCreek",0.399270290628009
430,"LowerDryCreek",0.281005092571496
742,"LowerDryCreek",0.291640948536772
498,"LowerDryCreek",0.099765603468581
1054,"LowerDryCreek",0.380768490311559
635,"LowerDryCreek",0.257959971799396
830,"LowerDryCreek",0.0897629709099841
512,"LowerDryCreek",0.195080528222975
192,"LowerDryCreek",0.208365774057606
814,"LowerDryCreek",0.2153258731582
732,"LowerDryCreek",0.264050774106264
377,"LowerDryCreek",0.156384310599671
450,"LowerDryCreek",0.177665657988457
668,"LowerDryCreek",0.221985800043643
269,"LowerDryCreek",0.21003344017615
196,"LowerDryCreek",0.242541476525617
935,"LowerDryCreek",0.44394782931183
931,"LowerDryCreek",0.307594202756876
717,"LowerDryCreek",0.153726562570305
625,"LowerDryCreek",0.196962889810006
746,"LowerDryCreek",0.163641206884329
1091,"LowerDryCreek",0.27541947747736
383,"LowerDryCreek",0.129329911473388
656,"LowerDryCreek",0.187013470325167
607,"LowerDryCreek",0.23669182566304
650,"LowerDryCreek",0.222126783309735
314,"LowerDryCreek",0.115893157709831
495,"LowerDryCreek",0.30024233328374
445,"LowerDryCreek",0.159995075156091
413,"LowerDryCreek",0.115770830013252
878,"LowerDryCreek",0.0567550538350011
793,"LowerDryCreek",0.110051049328167
580,"LowerDryCreek",0.275904087354803
861,"LowerDryCreek",0.131777120513009
549,"LowerDryCreek",0.166036190156135
776,"LowerDryCreek",0.265929955364137
387,"LowerDryCreek",0.0934759969142479
266,"LowerDryCreek",0.139032982731075
504,"LowerDryCreek",0.339523160506819
978,"LowerDryCreek",0.3689095825318
699,"LowerDryCreek",0.259146792135305
875,"LowerDryCreek",0.310947397038674
434,"LowerDryCreek",0.242568310346801
849,"LowerDryCreek",0.260698110637195
461,"LowerDryCreek",0.151624815377966
671,"LowerDryCreek",0.196520863304097
321,"NorthHam",0.0862654038959458
167,"NorthHam",0.0460348552749527
411,"NorthHam",0.367155562422598
261,"NorthHam",0.194064543956288
390,"NorthHam",0.0672771922019448
429,"NorthHam",0.162551933600209
74,"NorthHam",0.0805527946274563
399,"NorthHam",0.247677012375018
532,"NorthHam",0.422927975347731
200,"NorthHam",0.168206839407065
30,"NorthHam",0.0486253001773155
620,"NorthHam",0.245438137792066
539,"NorthHam",0.342871316938784
396,"NorthHam",0.186254637395758
84,"NorthHam",0.069932025733575
81,"NorthHam",0.0858887029860809
126,"NorthHam",0.118754243679992
523,"NorthHam",0.30117333546896
330,"NorthHam",0.239231450685136
529,"NorthHam",0.306468472459697
595,"NorthHam",0.119560722292072
628,"NorthHam",0.376215075259807
450,"NorthHam",0.112124930507683
617,"NorthHam",0.297693044062453
44,"NorthHam",0.0581670261233701
457,"NorthHam",0.0604323697060906
512,"NorthHam",0.346183367408731
600,"NorthHam",0.283182753192102
182,"NorthHam",0.0956363123928214
192,"NorthHam",0.0605673590671243
60,"NorthHam",0.085907591559183
269,"NorthHam",0.0481204334421938
555,"NorthHam",0.427683936854704
105,"NorthHam",0.0653538799770186
611,"NorthHam",0.267865183603411
258,"NorthHam",0.0664085734118683
309,"NorthHam",0.0440801721219033
444,"NorthHam",0.304635061902386
67,"NorthHam",0.140577120590514
383,"NorthHam",0.0817952891837792
149,"NorthHam",0.0634999604583407
134,"NorthHam",0.0786981194735371
212,"NorthHam",0.108706129340234
301,"NorthHam",0.0550568814018287
107,"NorthHam",0.0772747797964374
197,"NorthHam",0.074721668097976
597,"NorthHam",0.364504192137531
314,"NorthHam",0.118619376784491
603,"NorthHam",0.441261458916298
552,"NorthHam",0.350391527086238
338,"NorthHam",0.100402789526321
243,"NorthHam",0.0556326539927174
614,"NorthHam",0.364236271667869
210,"NorthHam",0.0638377664811723
455,"NorthHam",0.204995434666536
606,"NorthHam",0.405664969667335
179,"NorthHam",0.12955900957423
281,"NorthHam",0.0555722008742283
543,"NorthHam",0.339283920345975
284,"NorthHam",0.0736616314415005
152,"NorthHam",0.0752584841639264
327,"NorthHam",0.0658624261022672
87,"NorthHam",0.0881954001462697
272,"NorthHam",0.035568281069246
2,"NorthHam",0.0573755919383898
467,"NorthHam",0.275759404001742
471,"NorthHam",0.355011766869649
405,"NorthHam",0.302698199090874
298,"NorthHam",0.188835799288862
6,"NorthHam",0.0836021600188925
515,"NorthHam",0.405172908525541
289,"NorthHam",0.0448511258952655
20,"NorthHam",0.0998773902625352
15,"NorthHam",0.0739641775936051
27,"NorthHam",0.0469582154371092
56,"NorthHam",0.0647717410976288
500,"NorthHam",0.333726591812638
34,"NorthHam",0.0659560330210671
346,"NorthHam",0.0636272628367906
353,"NorthHam",0.0445378341170435
230,"NorthHam",0.0716622913579993
189,"NorthHam",0.152248502674336
205,"NorthHam",0.0521380395172768
461,"NorthHam",0.207484575728469
172,"NorthHam",0.0711571832208239
221,"NorthHam",0.0583249382074563
77,"NorthHam",0.0435014050478822
623,"NorthHam",0.394994962812848
358,"NorthHam",0.080377182986754
159,"NorthHam",0.0766582581831738
386,"NorthHam",0.0637181631225038
321,"PonyComplex1",0.0588375726110355
167,"PonyComplex1",0.0156630737671885
411,"PonyComplex1",0.0384603749280138
261,"PonyComplex1",0.0294062647733791
390,"PonyComplex1",0.0596984288180884
429,"PonyComplex1",0.233243110380095
74,"PonyComplex1",0.0282164705892853
399,"PonyComplex1",0.0153573426009286
532,"PonyComplex1",0.0304781145613446
200,"PonyComplex1",0.0249270177114908
498,"PonyComplex1",0.013891320679923
30,"PonyComplex1",0.291986496296457
615,"PonyComplex1",0.0205359841859345
539,"PonyComplex1",0.0378359156280272
164,"PonyComplex1",0.0173074031228708
396,"PonyComplex1",0.014124844932892
84,"PonyComplex1",0.125761254843751
325,"PonyComplex1",0.0826289012884086
126,"PonyComplex1",0.0441206212716541
330,"PonyComplex1",0.100923361598948
529,"PonyComplex1",0.140702715577742
595,"PonyComplex1",0.0429854079698592
623,"PonyComplex1",0.0252341809278499
450,"PonyComplex1",0.139592507768861
612,"PonyComplex1",0.0212618885308479
44,"PonyComplex1",0.033099625691257
457,"PonyComplex1",0.0753542140351663
182,"PonyComplex1",0.121212279944661
269,"PonyComplex1",0.0363218953624213
250,"PonyComplex1",0.101304400790478
196,"PonyComplex1",0.0230624011623617
105,"PonyComplex1",0.208242430845875
606,"PonyComplex1",0.117284615400206
258,"PonyComplex1",0.0921457687542272
148,"PonyComplex1",0.021721474131023
444,"PonyComplex1",0.0169606183902349
383,"PonyComplex1",0.0460950987604793
11,"PonyComplex1",0.161119857012376
26,"PonyComplex1",0.0177820098494705
275,"PonyComplex1",0.0194615922311224
8,"PonyComplex1",0.110520801908667
185,"PonyComplex1",0.0408891080525914
314,"PonyComplex1",0.0335682429912499
609,"PonyComplex1",0.0621325428826166
179,"PonyComplex1",0.21845411670001
485,"PonyComplex1",0.130313410102953
551,"PonyComplex1",0.293233810244813
87,"PonyComplex1",0.0210182347357411
335,"PonyComplex1",0.106540299148436
463,"PonyComplex1",0.065301771598124
466,"PonyComplex1",0.0209222351345457
39,"PonyComplex1",0.0357038310349323
241,"PonyComplex1",0.0699328059409655
603,"PonyComplex1",0.115565354879505
368,"PonyComplex1",0.0193566399278397
255,"PonyComplex1",0.146478666631754
91,"PonyComplex1",0.0194547026154828
519,"PonyComplex1",0.0128590678162048
550,"PonyComplex1",0.0224648790836474
567,"PonyComplex1",0.0158447669457711
120,"PonyComplex1",0.0277680128781299
22,"PonyComplex1",0.0215985474204864
321,"PonyComplex2",0.0389528219408202
167,"PonyComplex2",0.160740537887166
411,"PonyComplex2",0.0413095175551065
261,"PonyComplex2",0.0454995170292973
390,"PonyComplex2",0.0461994382702517
429,"PonyComplex2",0.0126696585292683
74,"PonyComplex2",0.100122633149189
532,"PonyComplex2",0.0645807722350866
200,"PonyComplex2",0.0439060206408286
534,"PonyComplex2",0.0389984623915696
498,"PonyComplex2",0.0511554835724914
30,"PonyComplex2",0.0496789256177873
578,"PonyComplex2",0.0500996557943507
539,"PonyComplex2",0.027737127470282
164,"PonyComplex2",0.0600896327745584
396,"PonyComplex2",0.0362154581120514
84,"PonyComplex2",0.157752372836833
81,"PonyComplex2",0.108405060335689
325,"PonyComplex2",0.0436850147632663
126,"PonyComplex2",0.0834519002808883
330,"PonyComplex2",0.0757621038967742
529,"PonyComplex2",0.0428385524599473
435,"PonyComplex2",0.0305924557331807
575,"PonyComplex2",0.0171304895923616
450,"PonyComplex2",0.0368078190816141
250,"PonyComplex2",0.0820886330381981
105,"PonyComplex2",0.112102171578608
460,"PonyComplex2",0.0183583434978559
258,"PonyComplex2",0.0589243958118204
113,"PonyComplex2",0.06223926887103
309,"PonyComplex2",0.0431359619668176
148,"PonyComplex2",0.0533331472932472
444,"PonyComplex2",0.0455714634919425
67,"PonyComplex2",0.0797172921398277
212,"PonyComplex2",0.0562890551775324
8,"PonyComplex2",0.0402873405073265
197,"PonyComplex2",0.0651859186627035
208,"PonyComplex2",0.0530653357210229
189,"PonyComplex2",0.129076369230978
243,"PonyComplex2",0.137349296382388
572,"PonyComplex2",0.0237525745179501
494,"PonyComplex2",0.0308321440312365
33,"PonyComplex2",0.0646502887556938
448,"PonyComplex2",0.0506105843568846
480,"PonyComplex2",0.0260418471154174
158,"PonyComplex2",0.0564758495348668
20,"PonyComplex2",0.125772038300593
15,"PonyComplex2",0.0760926778987046
345,"PonyComplex2",0.0687001487637358
23,"PonyComplex2",0.0831287224331798
117,"PonyComplex2",0.0724213995430643
581,"PonyComplex2",0.0944265460405183
342,"PonyComplex2",0.0417252555259017
305,"PonyComplex2",0.121877218909098
514,"PonyComplex2",0.0589048685491799
247,"PonyComplex2",0.0825577827909986
1345,"SodaNaturalArea1",0.0117063937851873
1001,"SodaNaturalArea1",0.0339500315574689
728,"SodaNaturalArea1",0.0113409062769186
1423,"SodaNaturalArea1",0.00733797110510649
859,"SodaNaturalArea1",0.00826763555636189
430,"SodaNaturalArea1",0.119842648393316
1558,"SodaNaturalArea1",0.00782331354387631
1024,"SodaNaturalArea1",0.00962691211415888
742,"SodaNaturalArea1",0.126118443516767
642,"SodaNaturalArea1",0.0278760756845253
635,"SodaNaturalArea1",0.00807551415746953
1420,"SodaNaturalArea1",0.012629481540984
1108,"SodaNaturalArea1",0.0122265623643648
648,"SodaNaturalArea1",0.117621172088116
1552,"SodaNaturalArea1",0.0134462007351539
823,"SodaNaturalArea1",0.0754301917664926
953,"SodaNaturalArea1",0.00759692115526463
960,"SodaNaturalArea1",0.0537202700034781
512,"SodaNaturalArea1",0.0928100827812568
732,"SodaNaturalArea1",0.0777117781535488
1218,"SodaNaturalArea1",0.0102359029753884
870,"SodaNaturalArea1",0.093873156232059
1121,"SodaNaturalArea1",0.00985183335468265
935,"SodaNaturalArea1",0.00732010588378538
1105,"SodaNaturalArea1",0.0108023977862438
1386,"SodaNaturalArea1",0.00913096097149452
993,"SodaNaturalArea1",0.00934892450871403
1091,"SodaNaturalArea1",0.103139227927534
383,"SodaNaturalArea1",0.126808196795149
1035,"SodaNaturalArea1",0.0134689729984674
593,"SodaNaturalArea1",0.00764787986383327
651,"SodaNaturalArea1",0.151118889481262
811,"SodaNaturalArea1",0.0128341031946908
1561,"SodaNaturalArea1",0.00742338213837809
1250,"SodaNaturalArea1",0.00903863763892763
297,"SodaNaturalArea1",0.119618795214719
1172,"SodaNaturalArea1",0.0112534260925343
553,"SodaNaturalArea1",0.0193051018475197
1477,"SodaNaturalArea1",0.0128949102995039
1339,"SodaNaturalArea1",0.0104924310165209
720,"SodaNaturalArea1",0.00822216295434659
861,"SodaNaturalArea1",0.00739706823863424
1305,"SodaNaturalArea1",0.0235851873971357
1212,"SodaNaturalArea1",0.01582371308044
1176,"SodaNaturalArea1",0.0634301871747363
1687,"SodaNaturalArea1",0.00949130531504474
1160,"SodaNaturalArea1",0.00907684494055772
945,"SodaNaturalArea1",0.00797957591870036
1163,"SodaNaturalArea1",0.0151809150827941
1373,"SodaNaturalArea1",0.018368952484365
610,"SodaNaturalArea1",0.106453012772735
893,"SodaNaturalArea1",0.00718564793114755
1286,"SodaNaturalArea1",0.0157659629524445
507,"SodaNaturalArea1",0.0358255401472141
1600,"SodaNaturalArea1",0.0106357832647649
784,"SodaNaturalArea1",0.151689158487486
1111,"SodaNaturalArea1",0.0122783961050788
1333,"SodaNaturalArea1",0.0111213755757697
343,"SodaNaturalArea1",0.138400741837553
1028,"SodaNaturalArea1",0.00691875625482444
559,"SodaNaturalArea1",0.111750313466545
470,"SodaNaturalArea1",0.0756616728605319
956,"SodaNaturalArea1",0.0846390859320302
1336,"SodaNaturalArea1",0.0108822729608475
321,"SodaNaturalArea2",0.102377000788552
167,"SodaNaturalArea2",0.0353285644042543
411,"SodaNaturalArea2",0.118627119782893
261,"SodaNaturalArea2",0.0416035609256956
390,"SodaNaturalArea2",0.0437584217371197
429,"SodaNaturalArea2",0.0743536290448446
74,"SodaNaturalArea2",0.0432671525208981
399,"SodaNaturalArea2",0.0766078510801748
532,"SodaNaturalArea2",0.113233497162764
200,"SodaNaturalArea2",0.0318276079518223
498,"SodaNaturalArea2",0.108726023487837
30,"SodaNaturalArea2",0.0316654760958893
584,"SodaNaturalArea2",0.113064887507842
539,"SodaNaturalArea2",0.113999687012952
164,"SodaNaturalArea2",0.0526788110530091
396,"SodaNaturalArea2",0.0324949791597392
81,"SodaNaturalArea2",0.0808598282517038
325,"SodaNaturalArea2",0.0291811957676209
126,"SodaNaturalArea2",0.0196494356822543
523,"SodaNaturalArea2",0.13261805162145
330,"SodaNaturalArea2",0.159096550757847
529,"SodaNaturalArea2",0.107003906274667
592,"SodaNaturalArea2",0.0798320317706865
435,"SodaNaturalArea2",0.0737788807805311
450,"SodaNaturalArea2",0.0655473373136974
581,"SodaNaturalArea2",0.138763304918961
44,"SodaNaturalArea2",0.0287639915355983
297,"SodaNaturalArea2",0.0347515107622327
182,"SodaNaturalArea2",0.0220418975006938
60,"SodaNaturalArea2",0.0539013332482524
377,"SodaNaturalArea2",0.106302787857194
250,"SodaNaturalArea2",0.0309455837499095
97,"SodaNaturalArea2",0.0370542984064534
196,"SodaNaturalArea2",0.0358719231017525
105,"SodaNaturalArea2",0.029022129116947
575,"SodaNaturalArea2",0.0856164835945513
460,"SodaNaturalArea2",0.019545262012777
258,"SodaNaturalArea2",0.0397177360998797
309,"SodaNaturalArea2",0.0245169321620564
148,"SodaNaturalArea2",0.0329063859934822
67,"SodaNaturalArea2",0.0216253447529578
11,"SodaNaturalArea2",0.0357605038956007
26,"SodaNaturalArea2",0.0397238267225052
292,"SodaNaturalArea2",0.0324250821361549
134,"SodaNaturalArea2",0.043797408564079
275,"SodaNaturalArea2",0.0276739651536585
212,"SodaNaturalArea2",0.107129965863101
480,"SodaNaturalArea2",0.111501516107593
8,"SodaNaturalArea2",0.0274952598503145
517,"SodaNaturalArea2",0.110826969777164
355,"SodaNaturalArea2",0.105467404712755
562,"SodaNaturalArea2",0.147798735696863
314,"SodaNaturalArea2",0.10383538481403
568,"SodaNaturalArea2",0.0478031915170574
445,"SodaNaturalArea2",0.0812191665347204
189,"SodaNaturalArea2",0.0441243292880213
366,"SodaNaturalArea2",0.0293378103368003
578,"SodaNaturalArea2",0.162261698721526
459,"SodaNaturalArea2",0.101922365681804
442,"SodaNaturalArea2",0.063340747807807
179,"SodaNaturalArea2",0.0248320146027409
374,"SodaNaturalArea2",0.0908395644603877
144,"SodaNaturalArea2",0.0231105912134724
359,"SodaNaturalArea2",0.0993186179921878
466,"SodaNaturalArea2",0.0912127062565015
475,"SodaNaturalArea2",0.102077656398787
242,"SodaNaturalArea2",0.093180697894692
202,"SodaNaturalArea2",0.0297385068633667
89,"SodaNaturalArea2",0.0197701397552246
421,"SodaNaturalArea2",0.085959016814874
82,"SodaNaturalArea2",0.0723264212783464
280,"SodaNaturalArea2",0.0790444871077938
15,"SodaNaturalArea2",0.0340277550258532
245,"SodaNaturalArea2",0.0597052231449347
23,"SodaNaturalArea2",0.0407084635267764
343,"SodaNaturalArea2",0.114765047943418
509,"SodaNaturalArea2",0.100532459155018
92,"SodaNaturalArea2",0.0375295024512353
157,"SodaNaturalArea2",0.0352214282961767
19,"SodaNaturalArea2",0.0261144840817641
220,"SodaNaturalArea2",0.0319731364223542
587,"SodaNaturalArea2",0.16274308665561
546,"SodaNaturalArea2",0.0526932355939844
237,"SodaNaturalArea2",0.0303496240621094
379,"SodaNaturalArea2",0.0813574790145033
503,"SouthTrail",0.188762045641708
455,"SouthTrail",0.202486916587949
561,"SouthTrail",0.127384597228866
158,"SouthTrail",0.25316495489034
54,"SouthTrail",0.239563305050141
464,"SouthTrail",0.199073071845364
187,"SouthTrail",0.197933358399877
248,"SouthTrail",0.196342428593069
124,"SouthTrail",0.366190491938163
540,"SouthTrail",0.201650915094033
46,"SouthTrail",0.395821296005824
17,"SouthTrail",0.350442245620509
558,"SouthTrail",0.143848839214584
232,"SouthTrail",0.205734423787125
374,"SouthTrail",0.163115645616362
13,"SouthTrail",0.370979474519519
619,"SouthTrail",0.19337477954761
266,"SouthTrail",0.181022649928165
63,"SouthTrail",0.32585890259126
572,"SouthTrail",0.158698990113775
470,"SouthTrail",0.184985954409832
602,"SouthTrail",0.147994943119958
405,"SouthTrail",0.200032043286458
339,"SouthTrail",0.147259540442236
174,"SouthTrail",0.222562956413953
414,"SouthTrail",0.14637055098639
298,"SouthTrail",0.193656039109527
308,"SouthTrail",0.137655686431486
330,"SouthTrail",0.156568167832575
393,"SouthTrail",0.17084512237762
607,"SouthTrail",0.19232090840146
23,"SouthTrail",0.428141778978781
254,"SouthTrail",0.279017873312798
409,"SouthTrail",0.169742575426206
449,"SouthTrail",0.192692566438981
145,"SouthTrail",0.290447276841828
103,"SouthTrail",0.35139509007776
33,"SouthTrail",0.26461821519199
486,"SouthTrail",0.137670753400686
111,"SouthTrail",0.201870684807524
468,"SouthTrail",0.111084072760639
95,"SouthTrail",0.364218355162194
140,"SouthTrail",0.181032503382735
569,"SouthTrail",0.172114786433229
345,"SouthTrail",0.191410372565612
295,"SouthTrail",0.198388913941474
377,"SouthTrail",0.191270985018788
108,"SouthTrail",0.149775311207267
599,"SouthTrail",0.222230548990693
219,"SouthTrail",0.1312530086122
235,"SouthTrail",0.231615771238413
153,"SouthTrail",0.322323820759001
26,"SouthTrail",0.362356858465211
311,"SouthTrail",0.179851300461576
524,"SouthTrail",0.215525937328057
182,"SouthTrail",0.373165222273329
616,"SouthTrail",0.202970862951095
327,"SouthTrail",0.208056697256408
289,"SouthTrail",0.220833862940604
250,"SouthTrail",0.190867351925156
4,"SouthTrail",0.32112271526029
